seed,zone,lod,triangles,wood_components,wood_boundary_edges,wood_nonmanifold,crown_components,crown_wood_contacts_min,max_tip_to_crown_surface,root_min_y_delta,source_matrix_error,palette_error,sha256
1229,master-stones,0,3600,1,0,0,6,12,0.10143066197633743,0.006920337677001953,5.912780762784564e-07,3.052039454498612e-09,5b40f49c20335f6c77d787eaa9f4435dba53484169e6f952fb132e678a6b9b5e
1229,master-stones,1,2230,1,0,0,6,12,0.0983588844537735,0.006920337677001953,5.912780762784564e-07,3.052039454498612e-09,ed26e8645ccf9254a5fca1e542cb0999268440364317e6f93c2c7f3101056baf
1229,master-stones,2,1222,1,0,0,6,6,0.0869179219007492,0.006920337677001953,5.912780762784564e-07,3.052039454498612e-09,b167da84962a58893e41ef0fca16781374470d0233c15637f680ca141558958e
1238,master-stones,0,3596,1,0,0,6,10,0.0953795537352562,0.010020747780799866,5.912780762784564e-07,3.052039454498612e-09,6f4df77ba63c877ef27ca12922f522d81e12c81b60d4efe13f42f02ad94b4939
1238,master-stones,1,2228,1,0,0,6,10,0.09537654370069504,0.010020747780799866,5.912780762784564e-07,3.052039454498612e-09,00d4717c36b0d14882cb4ce12bce3396e96b5d59a764a258ac6cd51fad09c6a8
1238,master-stones,2,1220,1,0,0,6,6,0.08749198913574219,0.009090736508369446,5.912780762784564e-07,3.052039454498612e-09,44aaaae07c47dc13d36d8ecde51a3d8dd0af522816620d6a71b5b64a41fe2fab
1247,master-stones,0,3596,1,0,0,6,11,0.09862171858549118,0.01172955334186554,7.247924802555872e-07,3.052039454498612e-09,1d964261de796dcf4c3d32289bdc945cf2395fe881db18379a8434f23a791bb5
1247,master-stones,1,2228,1,0,0,6,11,0.09211653470993042,0.01172955334186554,7.247924802555872e-07,3.052039454498612e-09,60ba49a8c7a7ca94dbb391964524928bfb91b2bc17a9336c96bdd84733d4c895
1247,master-stones,2,1220,1,0,0,6,6,0.09365446865558624,0.011239558458328247,7.247924802555872e-07,3.052039454498612e-09,7373b5a4f8cc496585ada2ab293e80e930146f07d9b085a6fdeee57215dc63f1
1256,master-stones,0,3600,1,0,0,7,11,0.09843810647726059,0.010656580328941345,5.912780762784564e-07,3.052039454498612e-09,2b3bf80658ab597fbb43d2509c83cd9fa24bc053e29c86296a0e78d71712fd25
1256,master-stones,1,2230,1,0,0,7,9,0.09572825580835342,0.010106593370437622,5.912780762784564e-07,3.052039454498612e-09,cb4972b8fefb30f0548a232c657047ab5ea2eaf85102d5bbb73bc612416a1dc8
1256,master-stones,2,1222,1,0,0,7,6,0.0885469913482666,0.006816580891609192,5.912780762784564e-07,3.052039454498612e-09,b3899fca294d512b95cf6d3dcfaff4cd3552304d641820f46b400fe16560b9c5
1401,dry-cascade,0,3600,1,0,0,6,9,0.10746259987354279,0.00898607075214386,7.247924802555872e-07,3.052039454498612e-09,67f513c092b9ed1a3da737f4e0bb21fe2c37e7eb1d02ce5cc3758e44f729f7dc
1401,dry-cascade,1,2230,1,0,0,6,9,0.10772380977869034,0.00898607075214386,7.247924802555872e-07,3.052039454498612e-09,f26acfd9b578f450d689624c083ee4d7e45e5d3f1d8d632d1399c14db6bf804e
1401,dry-cascade,2,1222,1,0,0,6,6,0.09636387974023819,0.009026065468788147,7.247924802555872e-07,3.052039454498612e-09,6997dc5dec0a33e2c7088c9c837a26994a669ba3bab91cb3a67613dbe27ee1f2
1410,dry-cascade,0,3594,1,0,0,6,11,0.1166231781244278,0.008947253227233887,5.912780762784564e-07,3.052039454498612e-09,5b8d247c097177d21b159ecafb02828cdc7b7a97af9747f74138e3a35b65e28d
1410,dry-cascade,1,2226,1,0,0,6,9,0.11211226880550385,0.008947253227233887,5.912780762784564e-07,3.052039454498612e-09,e061bc3040cb5baac4931f8535871e7765bc1986baa740713fc163b773189bb4
1410,dry-cascade,2,1220,1,0,0,6,6,0.1047692596912384,0.006837248802185059,5.912780762784564e-07,3.052039454498612e-09,d4e7b6e78d00f12f4e3ec453029828ee43d5959d289e8fe4f415eca0767a0e5b
1419,dry-cascade,0,3600,1,0,0,6,9,0.11156944185495377,0.011188670992851257,5.912780762784564e-07,3.052039454498612e-09,0190545b3c7e3c9345ab803799322fc7e422970ed508ebdaec99d4fc8f3c0961
1419,dry-cascade,1,2230,1,0,0,6,10,0.1128486841917038,0.011188670992851257,5.912780762784564e-07,3.052039454498612e-09,c08f4886512bcef6232a205e99937926ed0dcdcfc873a62d71e466a6b99f8ac7
1419,dry-cascade,2,1222,1,0,0,6,5,0.107547327876091,0.011338666081428528,5.912780762784564e-07,3.052039454498612e-09,a11154456f293e5cc4fcb1dae7542cc298b9ef7badb6af4130f26d94150c46c2
1428,dry-cascade,0,3600,1,0,0,6,11,0.10033638775348663,0.019157692790031433,7.247924802555872e-07,3.052039454498612e-09,16da0d9d46753b7707d189ab7527431aadb98595d1384a79014cf5074ec2bbac
1428,dry-cascade,1,2230,1,0,0,6,10,0.10253459960222244,0.019157692790031433,7.247924802555872e-07,3.052039454498612e-09,76e5cc9dbe5fcd1d99319d3b27dd590ac11dd90ecc09a80e3096cfa7537b8cc4
1428,dry-cascade,2,1222,1,0,0,6,6,0.09468530863523483,0.014407694339752197,7.247924802555872e-07,3.052039454498612e-09,64a2fd02de294f9091855af10ea4218e709294b29aa6d49dcd3b352767b0a9cb
1997,moss-islands,0,3598,1,0,0,6,11,0.1035807728767395,0.009614303708076477,1.0681152344815814e-06,3.052039454498612e-09,08ec3be8680ac7733ab5fe0f14a55f75fdf14587277cee6df8a57b947eec9ee5
1997,moss-islands,1,2228,1,0,0,6,10,0.1068066954612732,0.009034305810928345,1.0681152344815814e-06,3.052039454498612e-09,bc352d3b636e4cbc007dfdfbb912f6390ce3cd26c5aab59b0725b9e131989469
1997,moss-islands,2,1222,1,0,0,6,6,0.10424355417490005,0.00999431312084198,1.0681152344815814e-06,3.052039454498612e-09,b184f5197469d506bb6deed6608bdd36850d66018cc6e6ac01e40bac6f26246e
2153,moss-islands,0,3600,1,0,0,6,11,0.10382267832756042,0.011281177401542664,7.247924802555872e-07,3.052039454498612e-09,0b6644158887d50e38be4ec7096475698358a597b9324779359f5ec101686254
2153,moss-islands,1,2230,1,0,0,6,11,0.09819260984659195,0.011281177401542664,7.247924802555872e-07,3.052039454498612e-09,721449676db55ad1154fea30f35864ad381ce9f60e0fc36cd308689638255c69
2153,moss-islands,2,1222,1,0,0,6,6,0.1028832346200943,0.009601175785064697,7.247924802555872e-07,3.052039454498612e-09,932f2a108d2f6ea6eb042abde8d320172dc782aebf29327ee8fb5c9daef2e37b
2162,moss-islands,0,3598,1,0,0,6,9,0.11188067495822906,0.004685878753662109,5.977135151269408e-07,3.052039454498612e-09,a6fe66b5fcdc28ade5408b003ad4709c7050573a93bccdd384fc0c4e5389edc0
2162,moss-islands,1,2228,1,0,0,6,10,0.11285344511270523,0.004685878753662109,5.977135151269408e-07,3.052039454498612e-09,708e2e93604b81ea729c6caa8daa5f7fc53f8fac5d41a9df5d71d909a8f120f7
2162,moss-islands,2,1222,1,0,0,6,7,0.10518383234739304,0.005545884370803833,5.977135151269408e-07,3.052039454498612e-09,559e796c826347485fb7ce3abb780b1fcf2895aae3a54cf42ba7dd6c2aa01072
2171,moss-islands,0,3600,1,0,0,7,11,0.0941653698682785,0.009410232305526733,5.912780762784564e-07,3.052039454498612e-09,1b39f99094985e390c1bf9003389d285c1d226aa3074eecc200b13c0aa641d4b
2171,moss-islands,1,2230,1,0,0,7,11,0.09509284049272537,0.008160233497619629,5.912780762784564e-07,3.052039454498612e-09,4d723f237cf345f4bdad8d3dc303a470d8347ddb58536e80bedd4e8bc1c9515e
2171,moss-islands,2,1222,1,0,0,7,7,0.09407002478837967,0.008800238370895386,5.912780762784564e-07,3.052039454498612e-09,a8ff5da89e43df4d82646b78ff8684fe8673bb550f745004612c76ac083aea62
2180,moss-islands,0,3598,1,0,0,6,9,0.10417527705430984,0.010285913944244385,5.912780762784564e-07,3.052039454498612e-09,e5a0cebd0b5e6b93137d648a059ac77d7104a53d283ffd6f19bfadbaa092e073
2180,moss-islands,1,2228,1,0,0,6,9,0.10119324177503586,0.010285913944244385,5.912780762784564e-07,3.052039454498612e-09,ee852ec48c2d49518eea208c4d1ccc222dd14b55659e1b52b2155c84f528b735
2180,moss-islands,2,1222,1,0,0,6,6,0.0959528386592865,0.010865911841392517,5.912780762784564e-07,3.052039454498612e-09,500252d4a6f4e660c993ff955706169b623f34e30d199f793365086f1289cf21
2189,moss-islands,0,3600,1,0,0,6,11,0.09802018105983734,0.010681778192520142,5.912780762784564e-07,3.052039454498612e-09,77b97298d82607cdcd9089c9261ec6162d452645f360f4d4d5759bad7a8e71d0
2189,moss-islands,1,2230,1,0,0,6,9,0.0947091355919838,0.009821772575378418,5.912780762784564e-07,3.052039454498612e-09,61c59c9da5e739a435eef9a4d1672d6c4f90f741079935e20ccdd78aded2334b
2189,moss-islands,2,1222,1,0,0,6,6,0.10075792670249939,0.007401779294013977,5.912780762784564e-07,3.052039454498612e-09,f93d8a4f2efc1f0d25956cacd6c400e87b4d6dff8a74f1844c2ad281b9ce64dc
3011,empty-court,0,3600,1,0,0,6,11,0.09845031052827835,0.012039348483085632,5.912780762784564e-07,3.052039454498612e-09,47049e50c229cf8e39823316c75bfe0d8f44cfedc6edcc3faf0c300bf5b05ecc
3011,empty-court,1,2230,1,0,0,6,9,0.09788443893194199,0.012039348483085632,5.912780762784564e-07,3.052039454498612e-09,2cfb05a0f0f2b1b4e4b4b2f78227defba75060024e57aad362f014b2c0864e24
3011,empty-court,2,1222,1,0,0,6,6,0.088636614382267,0.01028934121131897,5.912780762784564e-07,3.052039454498612e-09,a1d35b8082ef00f305958039e2c73952585586d3d812c21e48304448546bb68b
3020,empty-court,0,3596,1,0,0,6,10,0.11172754317522049,0.011846199631690979,1.0681152344815814e-06,3.052039454498612e-09,3cbe7b492be1ee35de4e91c78b90888cb7ccb7c528c7617a83b5d391eb0e18f5
3020,empty-court,1,2228,1,0,0,6,10,0.10367084294557571,0.011846199631690979,1.0681152344815814e-06,3.052039454498612e-09,2ede2682b8d002cbdfbc1ebba979b553fc252e584b3c4865de72086e7e1796c6
3020,empty-court,2,1220,1,0,0,6,6,0.10205967724323273,0.013616204261779785,1.0681152344815814e-06,3.052039454498612e-09,f964b1e0240e60376bb00d03027d4324c0e9829b30765796e2aed9dfd56d4cd8
4101,return-view,0,3598,1,0,0,6,12,0.10699208080768585,0.012799158692359924,1.0681152344815814e-06,3.052039454498612e-09,8a9e9017bd3ac141901d301f83c2e82bd00f402b2c1028c16075534b8b5f9841
4101,return-view,1,2228,1,0,0,6,10,0.10699880868196487,0.012799158692359924,1.0681152344815814e-06,3.052039454498612e-09,64f6bb7001b8cadf6f08d87c1068d4507768229af6a6d9abb5aca15f8b1a6997
4101,return-view,2,1222,1,0,0,6,6,0.11595194041728973,0.012179151177406311,1.0681152344815814e-06,3.052039454498612e-09,ae836a5b54f1d58ba6b5d257df8432307aef845ada236bb28b74f97243075194
4110,return-view,0,3596,1,0,0,6,12,0.09766550362110138,0.008824571967124939,7.247924802555872e-07,3.052039454498612e-09,5eadd921f146cfdf9ab420fb2a1f86266e7fd8568e8626c48dbe89d65daa4b1e
4110,return-view,1,2228,1,0,0,6,9,0.09909871965646744,0.008824571967124939,7.247924802555872e-07,3.052039454498612e-09,cad8ce8a947b00af202bde03086f9ff42d908dde36d26dbdf5c179f219e32c0a
4110,return-view,2,1220,1,0,0,6,6,0.092606320977211,0.010164573788642883,7.247924802555872e-07,3.052039454498612e-09,444e0689266cdffffa7dc355ffba81e6ce136f25ecdefa746805b9018a41d290
4119,return-view,0,3600,1,0,0,6,11,0.10378686338663101,0.008337169885635376,5.912780762784564e-07,3.052039454498612e-09,c399dd881dd1185f3c3826da22c70f69801bcc7d5c15d0f089e26f8efebef9bf
4119,return-view,1,2230,1,0,0,6,11,0.09887915849685669,0.008337169885635376,5.912780762784564e-07,3.052039454498612e-09,e2d0b7a29a659fd20a7db7da34ce70b75df96528b38b338e9e33b3daa486e9ab
4119,return-view,2,1222,1,0,0,6,6,0.10070165246725082,0.005957171320915222,5.912780762784564e-07,3.052039454498612e-09,b73cf8dcd74c343346c92bed1287c1d6acb260ac6768a1e4d21938526439a59c
4128,return-view,0,3594,1,0,0,7,10,0.10612070560455322,0.005656644701957703,7.247924802555872e-07,3.052039454498612e-09,ef6546255d5ec16e9d7898a00e8ed3342a7d3a6ee7d58baf6b4fa202cab99582
4128,return-view,1,2226,1,0,0,7,10,0.09776006639003754,0.005126640200614929,7.247924802555872e-07,3.052039454498612e-09,fd8bc96a426974a955da239f01a7300642fbca457ae770fa97306a4ac8bb9b7c
4128,return-view,2,1220,1,0,0,7,6,0.09765629470348358,0.006096646189689636,7.247924802555872e-07,3.052039454498612e-09,19f7224394c14d764f7b7c98af35ac8f2136fda6d063c760ae3a10ee44d1a1c4
4137,return-view,0,3600,1,0,0,6,11,0.09418982267379761,0.0074154287576675415,5.912780762784564e-07,3.052039454498612e-09,b045237fd5d21e07ececba8c65c2a0c65ad9fdfe0b8ebc074a45cf0c82a87333
4137,return-view,1,2230,1,0,0,6,11,0.0951763316988945,0.009195417165756226,5.912780762784564e-07,3.052039454498612e-09,1095b5c69e447d2703df9b2e9703979e06f03a5cbcc89a9fcf35295a4ed0235b
4137,return-view,2,1222,1,0,0,6,5,0.09132663905620575,0.0067854225635528564,5.912780762784564e-07,3.052039454498612e-09,88fb6d92b85e27962b71fb0ccdc2bdd3faa45e12f6c5a5686502c9a060026a72
5566,master-stones,0,3600,1,0,0,7,11,0.093552365899086,0.005525246262550354,5.912780762784564e-07,3.052039454498612e-09,d1308afa521cf4cd5bbe0778238a045e4901cc9c60c7c3ef8dedd6aadf149d2a
5566,master-stones,1,2230,1,0,0,7,9,0.09257446974515915,0.004565238952636719,5.912780762784564e-07,3.052039454498612e-09,4ad3648933c963e1a2149c09e5c297a222c85150e7b2a581539eb3be86f16605
5566,master-stones,2,1222,1,0,0,7,6,0.0829252302646637,0.007365241646766663,5.912780762784564e-07,3.052039454498612e-09,9606b8b54f43d44a4e46a0fce1c53799f8cd44f16160b7b384d989930b5f0d75
811,moss-entry,0,3600,1,0,0,6,8,0.09339170902967453,0.005797207355499268,7.247924802555872e-07,3.052039454498612e-09,f2453f21f23f6e46a7ee4db4cfe001b5292af0935a4bc0f64b3008102fa03db6
811,moss-entry,1,2230,1,0,0,6,8,0.08612220734357834,0.005797207355499268,7.247924802555872e-07,3.052039454498612e-09,ed3717526129d7348ad76dc60f86f5473aa9cc03d3d556017c343ef04f397f90
811,moss-entry,2,1222,1,0,0,6,6,0.08812636882066727,0.007677197456359863,7.247924802555872e-07,3.052039454498612e-09,9287d2368e94342a8706445f486b1baf98465b6b966a705f58d2f065ba1e7057
820,moss-entry,0,3598,1,0,0,6,10,0.11196698248386383,0.008471459150314331,5.912780762784564e-07,3.052039454498612e-09,2dc81feb156edb133c196d8b6e0191302b8c51e5e826d1a7f8ada8f465ecb1c9
820,moss-entry,1,2228,1,0,0,6,10,0.11289600282907486,0.008471459150314331,5.912780762784564e-07,3.052039454498612e-09,40c4ddf354ab3ef68b0831dc9fe932d99f9ac9d8139bf5e80371ae9c7081d430
820,moss-entry,2,1222,1,0,0,6,6,0.10107576102018356,0.01106145977973938,5.912780762784564e-07,3.052039454498612e-09,4a7b9d8434ec87864eea06aef39619433b105c2d7fabc8720fc4d8dd6a61315c
829,moss-entry,0,3598,1,0,0,7,11,0.09674115478992462,0.007623568177223206,5.912780762784564e-07,3.052039454498612e-09,3018fdd911a4274262be70afff3bd9e66ffbf8ffbcb9b26048f0353af22947ba
829,moss-entry,1,2228,1,0,0,7,10,0.09257665276527405,0.007623568177223206,5.912780762784564e-07,3.052039454498612e-09,e4ed14b38e3d2886226cdc047fd0b79502dd234f6f5d59efde6872faaeda0341
829,moss-entry,2,1222,1,0,0,7,7,0.07645389437675476,0.0038635730743408203,5.912780762784564e-07,3.052039454498612e-09,f86742cbc03834e2584ec661af1ab32557960641f0e75eefe8b9c2ff271c07a3
